,type,category,review,star
1,에어팟 2세대,음질,"배송도 빠르고 정품인것 같네요^^
근데 정품등록이 안되서;; 안해도 별상관은 없다지만 그게 좀 아쉽네요^^
제품자체는 맘에듭니다. 페어링도 잘되구요. 근데 마감이 좀 안좋아서 귀안쪽으로 깊이 넣으면 긁혀서 아픕니다ㅠㅠ.
그래도 두손이 자유로워져서 너무 편하고 통화품질도 좋은것 같아서 만족합니다!",5
2,에어팟 2세대,음질,음질이 생가보다 좋았어요. 특히 베이스가 빵빵한것이 맘에 듭니다. 무선이라 편하고요. 갤럭시라 따른 앱을 받아서 설정을 했는데 배터리가 좀 빨리 다는것같았어요. ff기능은 터치말고 버튼이나 모 이런걸로 했으면 더 좋았을거같은데 그래도 쓸만하더라구요.,5
3,에어팟 2세대,음질,카드사 행사때 저렴하게 구매해서 가격이 만족스럽습니다 여러 키링과 에어팟케이스로 꾸며서 예쁜 백참처럼 이용하는 재미도 좋습니다. 무선이어폰은 정말 신세계네요 각인서비스를 이용하지 못하는 단점이 있기는 한데 뭐 보통 에어팟케이스를 쓰니 구지 각인서비스가 필요는 없겠다 싶어서 그냥 구매했어요 단지 현재 이용하는 빈도에 비해 배터리가 빨리 닳아서 애플센터에 한번 방문해보려구요 뽑기가 잘못된건지 좀 확인해 봐야겠네요 가격은 좀 비싸지만 가급적 아이폰은 제 짝꿍인 에어팟을 이용하는게 개인적인 느낌에서 좋은것 같습니다 음질도 너무 좋아요 그리고 어느정도 거리까지는 멀리서도 이어폰 이용이 되니 너무 편리합니다. 카드사 행사나 쿠폰등 이용하면 좋은 가격에 살수 있으니 추천합니다. 유선충전과 무선충전 다소 고민했는데 무선충전이 확실히 편리함이 있습니다. 몇마넌 차이가 나지 않기때문에 . 약간 귀에서 떨어져서 잃어버릴수도 있겠다 싶긴 한데 요즘 예쁜 색상 이어캡이 많아서 꾸미기도 할겸 실용성 있게 구매해 이용해 보려고 합니다.,5
4,에어팟 2세대,음질,"유무선 중 고민하다 무선으로 구매했어요. 뭐 음질이 너무 좋다해서 기대 많이 했는데, 사용하고 있는 유선 이어폰하고 비교해도 월등하다고 할 정도는 아니네요. 가격따지면, 기대만큼 지불할 정도 아닙니다. 무선쓰다 유선 쓰니 불편해서 사긴 했는데요. 사실 분들, 에어팟 구매 신중히들 하세요. 여러 제품 써봤지만, 가격대비 훌륭한 제품 많습니다. 20만 원 가까이 주고 살 물건은 아닌 거 같아요. 품질점수:그냥 그래요가 없어서 적당해요 선택했습니다. 품질이 떨어지는 건 아니라서요.",5
5,에어팟 2세대,음질,에어팟 처음 나왔을때만해도 절때 살일이없을거라 장담했는데 아이리버 제품쓰다 귀에 이상이 와서 결국 오픈형만 써야하게?榮쨉? 무선이어폰중에 오픈형은 에어팟밖에 없더군요 결국 고민끝에 구매하게 되었는데 너무 마음에 듭니다 음질도 좋고 전에쓰던건 너무 끊겨서 짜증났는데 끊기지도 않고 무선충전까지 되니 편리하고..게다가 귀여운케이스들도많고 요즘은 꼭 챙기고 다닙니다 ㅎㅎ,5
6,에어팟 2세대,음질,스마트픽업으로 주문했어요. 하이마트에서 받았는데 처음해보시는지 좀 서투셨어요. 포장은 그냥 하이마트 쇼핑백에 본품 넣어서 주셨어요. 여러가지 할인 및 포인트 받아서 저렴하게 구매한편입니다. 솔직히 사람들이 좋다해서 구매했는데 사용하고 신세계를 경험했어요! 왜 이제샀나 싶어요. 정말 편리해요. 음질도 좋고 사용도 편리합니다!,4
7,에어팟 2세대,음질,"친구가 가격대비 성능 좋다는 가품 에어팟을 선물받았는데, 딸아이가 사용해보고 싶다고 해서 줬었는데, 저렴한 것은 역시 차이가 있더라구요. 음질, 충전, 연결 부분에서 만족도가 떨어져서 에어팟 2세대 무선충전 정품 구입하게 되었습니다. 역시나 딸아이의 만족도는 올라갔구요. 적립금 5만원도 받아서 저렴하게 구입하였습니다. 너무나 만족하고 있어요.",5
8,에어팟 2세대,음질,"지금도 사용하고 있는데 정말 좋아요~ 사용해 보니 신세계 입니다. 음질 우수하고 시리 기능도 잘 되고 휴대폰과 연결도 바로 되고, 전화 통화 품질도 좋아요~ 강추 합니다. 국내 정품으로 하루만에 배송 받았습니다. 국내 정품으로 애플 홈페이지에서 정품등록도 바로 했습니다.",5
9,에어팟 2세대,음질,배송은 신속 했구요.ㅎ 패키지는 늘 아름답습니다. 가격의 압박에 저렴이 블루투스 이어폰을 구입 하고 단 하루만에 이 녀석으로 다시 주문 했어요. 아이폰 맥북 유저인데 페어링 정말 심플하고 음질도 블투 중에선 상당히 만족스럽습니다. 끊김 현상도 거의 없구요(사람이 엄청 많은 환승 구간에서 한 번 정도의 끊김 있었음). 디자인 성능 모두 만족하며 가격만 좀 더 예뻤으면 하는 ㅎㅎㅎ,5
10,에어팟 2세대,음질,"에어팟 처음 써보는데 일단은 갠춘갠춘한 것 같아여 ㅎㅎㅎ
처음에 약간 적응이 어려웠는데 ㅋㅋㅋㅋ 페어링 이랑 설정 잘 해서 들었어여 ㅋㅋ 처음 딱 끼웠을때 고막터질뻔 ㅋㅋㅋ ㅠ
음 약간 자세히 보면 금가있고... 뭔가 흠집이 있는데
교환은 귀찮으니까 그냥 쓰려구요 ㅋㅋ
소리는 뭐 잘 나오니까요! ㅎㅎ 음질 좋아요 !
소리 그냥 최소로 해도 되게 잘들려요 현장감있고!
유투브도 잘 들립니당 ㅋㅋㅋ
아 무선충전은 제 무선 충전기가 이상한건지 이 에어팟이 문제인건지는 모르겠지만 충전이 막 엄청 빠르지는 않아요 ㅠ ㅠ
그래도 사용에는 딱히 지장이 없을 것 같습니다 ㅎㅎ
블루투스 이어폰 전에 좀 저렴한거 사서 쓰다가 금방 고장나서 못쓰고있엇는데 에어팟 제발 오래오래 고장 없이 갔으면 좋겠네여 휴ㅜㅜㅜ
다른 판매자들 보다 저렴하게 팔고 계셔서 넘나 좋아요 ㅎㅎ
무선충전 모델을 유선충전 모델 가격에 데려오다니 넘나 행복!!!
앞으로도 많이 많이 파시고 번창하세요 ㅎㅎㅎ",5
11,에어팟 2세대,음질,배송은 늦게 주문해서 이틀 후에 받았는데 포장은 뽁뽁이로 잘 쌓여 있어서 케이스 손상없이 받았구요 음질은 막귀긴해도 기존 저가형보다는 저음이 확실히 좋더라구요 휴대폰 위치에 따라 끊김현상도 없고 좋습니다. 유사 중국산이 있긴해도 이건 추천 드립니다,5
12,에어팟 2세대,음질,"핸드폰이 아이폰기종이 아니라 그런지 조금 부족한 부분이 있지만
생각보다 사운드도 좋고하네요~
단지 한쪽 연결음이 안들려서 AS센터 방문해보기로했어요.
사실 연결음만 안들린다 뿐이지 사운드및 연결을 빠르게 되는데
우선 새상품이니 안전한게 진단 받아보고 하는것도 나쁘지 않아서
검진받기로했어요,
배송및 상품은 흠집없이 깔끔한거로 왔어요~
배송도 빠르게왔어요~",5
13,에어팟 2세대,음질,정품입니다~~~공홈에서 시키는거라 똑같아요 음질도 좋아욤,5
14,에어팟 2세대,음질,"와 정말 아이팟 신세계네요!!
통화음질은 물론이고 노래 들을때도 짱!!
그리고 구입등록 하는것도 빠르게 보내주셔서
전혀 힘든것없이 등록했어요! 감사합니다 :)",5
15,에어팟 2세대,음질,"빠른 당일 배송 좋네요. 전화 한번 사용해보고 음악 한번 들어봤는데 괜찮고,제 목소리 인식도 잘되고 좋아요.",5
16,에어팟 2세대,음질,무선 충전 잘되고 바로 연결 되고 음질도 좋습니다 기존에 유선충전 에어팟 쓰던거 딸주고 무선 충전 다시 샀습니다 무선충전 되는거 말고는 차이 없는 듯 합니다,5
17,에어팟 2세대,음질,역시는 역시엿네요 음질도좋고 아주맘에들어요,5
18,에어팟 2세대,음질,"새리퍼제품이라고 살때는 확인을 못했는데요.
지금 개봉하고 3주 지났는데 잡음도 너무 심하고
페어링이 안되때도 많아요. 어떻게 해야할지..",1
19,에어팟 2세대,음질,1세대보다 확실히 음질도 좋고요~ 연결도 잘되네요,5
20,에어팟 2세대,음질,지까지 사용해본 블루투스 헤드폰이 엘지 톤플러스 3개 기타 잡것들4개정도 됩니다 에어팟이 단연코 최고등급이네요 노래 음질이나 통화 음질 모두다 최고 점수 입니다,5
21,에어팟 2세대,음질,물품 안전하게 잘배송됐고 사용해보니 음질도 좋아요,5
22,에어팟 2세대,음질,음질 좋고 배송빠르고 너무 좋았어요.,4
23,에어팟 2세대,음질,포장도 잘되어있고 음질도 좋아요~!,5
24,에어팟 2세대,음질,"배송이 매우 빨라서 좋았구요^^ 완충전 시킨후 페어링 하니깐 바로 사용 가능하네요^^ 음질도 좋구, 무선충전이라 이어폰에 남은 배터리 잔량과 케이스의 배터리 잔량이 위젯화면에서 확인되어 든든해요^^",5
25,에어팟 2세대,음질,"일단 모양 예쁘고 두꺼운 벽을 사이에 두고도 끊기지 않는 신호연결 좋습니다. 음질은 나쁘진 않지만 아주 좋다고 하기엔 뭔가 조금 2% 부족한듯한 느낌을 주는군요.
잘 받았고 잘 쓰겠습니다. 좀 더 써봐야 알듯 하네요.",3
26,에어팟 2세대,음질,정말다르네요 음질이 귀에서잘빠지지도 않아요충전하기도 편합니다,5
27,에어팟 2세대,음질,음질역시좋네요!!!,5
28,에어팟 2세대,음질,전에 엘지께 쓰다가 아이팟 써보니 음질 최고 입니다,5
29,에어팟 2세대,음질,음질도 나쁘지 않고 무엇보다 애플 디바이스를 많이 사용중인데 페어링하기 편해서 좋네요,5
30,에어팟 2세대,음질,우선 배송이 진짜 진짜 빠라서 정말 좋았어요!! 음질도 좋고 잘 구매한 것 같아서 좋아요!!,5
31,에어팟 2세대,음질,음질 정말 좋아요 잘쓸게요!,5
32,에어팟 2세대,음질,"배송 빠릅니다.
제품은 음질,충전,사용감 모두 만족스럽네요.
처음에 안드로이드폰이라 좀 에로사항이 있었지만 잘 쓰고 있습니다.
다른 인터넷샵보단 좀 비싸지만 프리스비라 믿고 씁니다.
즐판하세요.",4
33,에어팟 2세대,음질,"안드로이드 쓰고 있는데 가격이 너무 좋아 질렀습니다.
통화품질이 너무 좋습니다.!!",5
34,에어팟 2세대,음질,생각 보다 작고 귀엽네여...핸드폰과 멀어져도 잘 들리고 너무 좋습니다 음질도 괜찮구요,4
35,에어팟 2세대,음질,음질 좋고 통화품질 좋네요. 추천추천,4
36,에어팟 2세대,음질,배송빠르고 무선충전도 잘되고 무엇보다 상대방 통화음질이 확실히 좋네요~,5
37,에어팟 2세대,음질,사용이나 음질은 좋아요 근데 충전이 점 이상한거같아요 충전은 계속하고잇는데 왜 70프로에멈춰잇는지 이해가않되네요,5
38,에어팟 2세대,음질,음질하고 통화품질 둘다 좋아요,4
39,에어팟 2세대,음질,에어팟2 음질좋아요,5
40,에어팟 2세대,음질,아들이 애플 구입하겠다고 벼르고벼르더니 용돈 모아 구입했어요음질 정말 좋습니다.이 상품이 이토록 비싸도 구입하는 이유를 알았습니다.상품 정말 짱,5
41,에어팟 2세대,음질,여러가지로 좋습니다.이동하면서 잘 들을 수 있구요음질도 좋구요충전도 빠르고아무쪼록 좋습니다.,4
42,에어팟 2세대,음질,"디자인, 사용성, 음질 등등 모든면에서 좋습니다. 조카선물로 구입했는데 매우 만족하고 있네요 ㅎㅎ",5
43,에어팟 2세대,음질,"애플 정품 맞아요
음질 굿
좋아요",5
44,에어팟 2세대,음질,음질이 아주 좋아요~~~~~^^^,5
45,에어팟 2세대,음질,소리도 잘나고 짝퉁오면 어쩌나 했는제 그저 제 걱정일 뿐이었네요.잘쓸게요 감사합니다 ^^*,5
46,에어팟 2세대,음질,"예쁘고 좋습니다
소리도 잘들리고 가볍고 그리고 우선은 음질이 좋은것이 느껴진다는것 입니다
무선충전을 샀는데 유선충전을 사도 될걸 하는 후회도
들고 있습니다[G마켓 안드로이드 앱에서 작성]",4
47,에어팟 2세대,음질,배송 하루만에 바로왔네요 빨라요~처음 써보는데 음질도 깨끗하고 아주 만족합니다~,5
48,에어팟 2세대,음질,마음에 들어요. 음질이나 디테일이 좋네요.,5
49,에어팟 2세대,음질,배송 빠르고 음질이 좋아요,5
50,에어팟 2세대,음질,음질이 좋아요 .아들이 좋아하네요.,5
51,에어팟 2세대,음질,"빠르게 배송받았어요. 아이폰과 잘 연결되고 소리도 깨끗하게 들립니다
만족합니다",5
52,에어팟 2세대,음질,"애플 애어팟2 드뎌 구입 ㅎㅎㅎ
귀에 꽂으니 간지나게 멋져요
음질도 정말 좋네요",5
53,에어팟 2세대,음질,"아주좋아요~
음질도 이주좋고 잘쓰겠습니다 ^^",5
54,에어팟 2세대,음질,소리좋고 에쁘고 좋네요 적극추천합니다,5
55,에어팟 2세대,음질,명불허전 에어팟2 입니다 무선버전 구매했고 충전은 잘 됩니다 에어팟의 특징인 통화 품질 매우 우수합니다 기존의 중국제품과 비교는 안됩니다 시리와 연동도 잘되고 귀에 잘 맞네요. 많이 파세요,5
56,에어팟 2세대,음질,음질이 지금껏 써본것중에 가장 좋아요 가격도 다른 쇼핑몰보다 저렴합니다 배송도 빨라서 좋았습니다,5
57,에어팟 2세대,음질,역시 애플 좋네요 정품인데다가 음질도 좋습니다.,5
58,에어팟 2세대,음질,음질 좋고요 늦게삿기에 이세대를 삿어요 굳 !!!,5
59,에어팟 2세대,음질,배송도 빠르고 음질도 좋아요,5
60,에어팟 2세대,음질,일단 배송 빠릅니다. 제품이야 애플 정품으로 제대로 왔네요. 소리가 좋습니다. 중국것과는 비교가 되지 않습니다. 중저음이 좋네요. 음질 좋아요. 십일절 할인에 11번가 신한카드 써서 비교적 저렴? 하게 구매했습니다,5
61,에어팟 2세대,음질,"방금받아서 바로 확인했습니다
깔끔하고 충전도 잘되고 음질도 좋습니다
일련번호는 뜨는데 구매일을
알아야 인증되는거같네요",5
62,에어팟 2세대,음질,아이가 상품받고 엄청 기분이 좋아했어요음질도 넘 좋고 케이스도 좋다고 합니다,5
63,에어팟 2세대,음질,"에어팟2세대 무선충전이라 편하네요

음질도 좋고~~ 추천합니다",5
64,에어팟 2세대,음질,음질도 잘 들리고 배송도 빨라서 좋아요,5
65,에어팟 2세대,음질,"특히 운동할때 너무너무 좋네요 ㅎㅎ 핸드폰 두고 자유로이 움직일수 있어요
음질이랑 배터리도 만족스럽네요
다만 주변에 시끄러울때 통화하면 상대편이 말소리를 잘 못들어여
전반적으로 가격빼고 만족스러워요",4
66,에어팟 2세대,음질,"좋은 상품 싸게 구매해서 너무 좋네요.
무선 충전이라 간편하고
음질도 생각했던것보다 훨씬 좋습니다.",5
67,에어팟 2세대,음질,생각보다 음질이 좋고요 생각보다 귀에 작 착용되어 빠지지 않고요 콩나물처럼 긴 부분이 생각보다 손가락으로 잡기 편하네요 생각보다 좋은 제품입니다,5
68,에어팟 2세대,음질,"무선동작 잘되구 음질도 좋아요.
통화품질이 아주 좋네요.",5
69,에어팟 2세대,음질,음질도 좋고 편리하네요!! 늘 좋은 상품을 위해 애쓰시는 분들 너무너무 감사합니다~~,5
70,에어팟 2세대,음질,"좋은가격에 샀습니다
음질은 그냥 평범해요",3
71,에어팟 2세대,음질,매우맘에듭니다 소리도좋고 훌륭하네요,5
72,에어팟 2세대,음질,"디자인 좋고 음질 최고고
배송도 최상",5
73,에어팟 2세대,음질,편리하고 음질도 너무좋은것같아요,5
74,에어팟 2세대,음질,음질 너무좋고 싸게사서 좋아요,5
75,에어팟 2세대,음질,"믿고 롯데닷컴에서 구매합니다.
예상일보다 하루 빨리 왔어요. 음질도 좋고 좋아요.",5
76,에어팟 2세대,음질,"정품이 맞고 확실히 음감 좋습니다.
무선사길 잘했네요 충전도 잘됩니다.
통품은 에어팟만한게 없네요",5
77,에어팟 2세대,음질,음질이랑 접속편의성 만족합니다,5
78,에어팟 2세대,음질,통화 음질이 매우 좋습니다.,5
79,에어팟 2세대,음질,음질이 넘 좋아요.,5
80,에어팟 2세대,음질,음질이 좋네요,5
81,에어팟 2세대,음질,"선물로 드렸는데 완젼 좋아세요 ㅎㅎㅎ
더군다나 갤럭시랑 연동도되고 음질도 좋데요 !!
빠른배송 감사합니당",5
82,에어팟 2세대,음질,조금 더 써 봐야 하지만 만족도는 높습니다.가볍고 음질좋네요,5
83,에어팟 2세대,음질,음질도 좋고 멋진데 금액이 넘 비싸네요.,4
84,에어팟 2세대,음질,음질은 정말 좋은것같아요.,5
85,에어팟 2세대,음질,"드디어 도착했네요.배송도 빠르고 가격도 크게 차이 않나서 좋습니다.에어팟 음질이나 휴대성, 특히 통화 품질이 너무 좋아요.감사합니다.",5
86,에어팟 2세대,음질,"디자인, 사용성, 음질 등등 모든면에서 좋습니다. 조카선물로 구입했는데 매우 만족하고 있네요 ㅎㅎ",5
87,에어팟 2세대,음질,"말해뭐하겠어요..ㅋㅋㅋ 음질, 끊김현상없음, 반응속도최고예요ㅋㅋㅋㅋ",5
88,에어팟 2세대,음질,갤럭시에도 되네요 ~ 소리도 일반 이어폰보다 우수하고~ 실내에서 무지 좋아요 실외는 가끔 끈겨요~~이쁘고~ 자석이 있어서 편리하네요~카카오어피치 업혀놨는데 ~ 무지 맘에듬♡,5
89,에어팟 2세대,음질,"그냥 완벽 그자체입니다. 주말껴서 3일만에 도착했고 음질은 최고구요!
블루투스연결이 참 빠릅니다!! 포장도 뾱뾱이포장이 잘 되어있어서
제품 불량이나 파손의 염려도 안하셔도되구요. 걍 퍼펙트입니다!!!",5
90,에어팟 2세대,음질,"선 없어서 너무 편하고 좋습니다
음질도 제가 듣기엔 괜찮은 거 같아요
배송도 무지하게 빨라요 ㅋ
만족이요",4
91,에어팟 2세대,음질,다들 에어팟에어팟하는 이유를 알겠네요. 넘 얘쁘고 음질좋네요,5
92,에어팟 2세대,음질,"좋네요. 작동도 잘 되고
소리도 좋아용!!!
진작 살걸 그랬어요",5
93,에어팟 2세대,음질,음질 모두다 최상임니다 감사함니다,5
94,에어팟 2세대,음질,"드디어.저도 에어팟을 샀네요ㅋㅋ
터치가 잘 안먹히는것같긴해요
음질도 좋습니다",5
95,에어팟 2세대,음질,"살까 말까 고민 엄청햇눈데 그런 고민 하나도 필요없어요 ㅠㅠㅠㅠㅜㅠㅠ음질최고 디자인 최고 ????????너무만족,,ㅠㅠ",5
96,에어팟 2세대,음질,"좋은 제품 싸게 잘샀어요
에어팟 1세대와 외관은 비슷하지만
속도도 빠르고 음질도 좋아요
추천합니다",5
97,에어팟 2세대,음질,착용감 음질 모든게 너무 다 좋아요,5
98,에어팟 2세대,음질,역시 애플입니다 음질도 좋고 가격도 저렴하게 잘 샀어요 강추입니다^^*,5
99,에어팟 2세대,음질,카드사할인까지 받아서 싸게 샀어요 소리가 너무 좋고 귀도 편하고 착용감이 좋아 분실 우려도 없겠네요,5
100,에어팟 2세대,음질,"배송 이틀만에 도착했어요
음질도 좋구 너무 좋네요
저렴하게 구입해서 더욱 좋습니다",5
101,에어팟 2세대,음질,음질도 좋고 배송도 빠르네요,5
102,에어팟 2세대,음질,"할인받아 구입해서 너무 기분 좋습니다.
음질좋고 디자인 찰떡같이 이뽀요",5
103,에어팟 2세대,음질,깔끔하고 사운드도 제법 괜찮습니다.,4
104,에어팟 2세대,음질,"음질 짱! 제품 만족도 짱! 진작 사용할걸
너무 편리하고 좋습니다. 특히 운전중 소음없이
통화품질 굿~~~
딸과 후배도 이 가격 나오면 사달라고 기다리고 있어요~",5
105,에어팟 2세대,음질,음질좋네요. 충전하고 보통 얼마나 사용할수있나요?,5
106,에어팟 2세대,음질,"무선이라 편하고
음질좋고 귀에 잘 맞아요",5
107,에어팟 2세대,음질,너무 편하고 음질도 좋아요!,5
108,에어팟 2세대,음질,총알배송에 기대했던것만큼 통화품질 최고네요..,5
109,에어팟 2세대,음질,역시 너무좋아요 음질좋고 빠르고 기능많고!,5
110,에어팟 2세대,음질,택배사 사정인지 배송이 조금 늦었지만 그래도 너무 잘쓰고 있어요~ 생각보다 통화 품질도 너무 좋아요!,5
111,에어팟 2세대,음질,노이즈가 심해서 애플가사 교환했네요....,5
112,에어팟 2세대,음질,음질이 너무 좋네요. 디자인과 컬러 스타일이 아이폰스럽네요,5
113,에어팟 2세대,음질,빠른배송 감사합니다. 음질도 좋네요,5
114,에어팟 2세대,음질,음질이 정말 좋아요~,4
115,에어팟 2세대,음질,"고심한 끝에 결국 질렀습니다
역시 고민은 구매만 늦출뿐이네요
귀에서 이어폰 잘 이탈하는 편이라 고민 했었는데
막상 받아서 착용해보니 귀에 착 감기고 음질도 좋습니다
배송도 빠르고 안전히 왔고 마음에 듭니다",5
116,에어팟 2세대,음질,"빠른배송에 한번 감동, 제품 성능에 또 감동 했어요생각보다 귀에 답답한 느낌없이 잘들리고 좋아요 음질도 굿",5
117,에어팟 2세대,음질,음질도 좋고 편하고 완전 만족합니다.배송도 무지 빨랐구요^^,5
118,에어팟 2세대,음질,"자주 애용할게요
음질도 짱좋아요 잘샀네요",5
119,에어팟 2세대,음질,"그동안 고민했던 게 시간이 아까울 정도네요
무선이어폰은 정말 신세계네요
음질도 좋고
가격은 하이마트가 젤 쌌어요!!
배송도 빨라서 아주 만족합니다",5
120,에어팟 2세대,음질,배송도 빠르고 음질도 좋아요,5
121,에어팟 2세대,음질,음질좋고 짱 입니다 ..,5
122,에어팟 2세대,음질,갑자기 한쪽이 안들려서 잠시 당황했지만 인터넷서치해서 고쳤네요. 이런 문제만 안 생기면 음질도 좋고 다 괜찮아요. 남편꺼 하나더 사러 들어왔네요,4
123,에어팟 2세대,음질,"중2 아들이 용돈모아서 산 에어팟입니다!
비싸서 다른제품과 고민 많이 해서 산것같은데?
역쉬~~ 굿초이스??
오자마자 엄청 좋아하네요!
음질도? 굿! 간지납니다~",5
124,에어팟 2세대,음질,"근데터치잘안되고구린것가타여
진심불량인가싶더라구요
음질은좋고사용감이줄없어서편함",3
125,에어팟 2세대,음질,역시 애플입니다! 음질 및 편의성이 넘 좋아요~ ㅅ ㅏㅇ품 잘받았습니다~,5
126,에어팟 2세대,음질,"별 설정 없이 아이폰에 바로 인식되네요.
음질도 훌륭합니다.
모처럼 아빠노릇 한번 제대로 했네요. ^^",5
127,에어팟 2세대,음질,"무선충전도 잘되고
음질 좋아요
통화도 제일 나은거 같음",5
128,에어팟 2세대,음질,배송 정말 빠르네요.음질 정말 좋습니다.,5
129,에어팟 2세대,음질,배송도 빠르고 음질도 너무 좋아요~,5
130,에어팟 2세대,음질,"선
넘 맘에 들어요...ㅋㅋㅋㅋㅋ
선 없는 게 이리 편할 줄이야ㅜㅜ
무선충전도 잘되네염ㅎㅎㅎ
확실히 2가 음질이 더 좋네용ㅎㅎㅎ
앞에 불빛이 표시되는 것도 좋아요
5월제조된 거라서 기분 훨 좋아요ㅋㅋㅋㅋㅋ",5
131,에어팟 2세대,음질,빨리 와서 좋고 음질도 좋고 !!,5
132,에어팟 2세대,음질,"살까말까 고민하신다면 사세요 ㅠㅠㅠㅠㅠㅠㅠㅠㅠㅠㅠㅠㅠㅠ처음엔 에어팟보고 저 콩나물 뭐야 이랫는데.. 너무편하고 짱좋아용
?????? 음질도 최고. ㅠㅜㅠ",5
133,에어팟 2세대,음질,"음 제가 샀을때보다 가격이 더 떨어져서 마음 아프네요ㅠㅠ
그래도 상태도 음질도 좋아서 좋습니다.
제조도 3월로 보내주셨어요 감사합니다",5
134,에어팟 2세대,음질,"배송도 우첵국 택배로 하루만에 배달됬고, 지금까지 2주됬는데
아주 잘쓰고 있습니다.
음질도 좋네욤^^",4
1,에어팟 2세대,품질,"제품 개봉했을 때 사진과 같은 결함이 있었고 판매자와 통화 후 고객센터 통화 서비스센터를 방문했고 답변은 제품 초기 외관 불량은 판매처에서 책임을 지는게 맞다. 이었고 판매자에게 다시 전화해서 말씀드렸더니 처음부터 끝까지 죄송하다는 말은 한번도 안하고 본인들은 판매글에 공지를 했고 구매자도 거기에 동의를 했으니 구입하신게 아니냐 고 말하면서 결국 본인들은 책임이 없다네요~~ 판매자의 말투에 정말 불쾌했고 결국 하신 사과는 제 말 툭 끊고 아 고객님 제가 정말 정중하게 사과드릴게요! 정말 죄송합니다!! 하시더라구요~ 사람 비꼬세요?ㅠㅠ 저는 저 결함 때문에 전화드린건데 자꾸 저를 말귀 못알아먹는 사람 취급하면서 예를들면~ 고객님이 자동차를 구매했을때~ 제품이 파손됐을때~ 하시면서 저를 이해시키려고 하더군요 리뷰가 1000자 까지 밖에 안써져서 정말 아쉽습니다. 글짖기 마냥 제가 겪은 일 주절주절할 수 있는데.
같은 말을 해도 다르게 전달 될 수 있는거에요~ 고객센터에선 전화받자마자 아 죄송합니다 고객님 많이 속상하셨겠어요 하면서 응대해요~ 이게 구매자한테 서비스를 제공하는 판매자가 갖춰야 할 태도라고 생각합니다. 통화중에 자꾸 어이없다는 듯이 코웃음 치고 비꼬고 말끊고 하지 마시구요 ㅎㅎ 아! 긴얘기 끝에 고객님이 제품을 보내주시면 저희가 리퍼 요청을 넣어드릴순 있다 라고 말하긴 했어요! 아주 긴~얘기 끝에 겨우요!
이 제품을 구매할 소비자가 있으시다면 신중히 고민하시길 바래요~ 판매자한테 조롱받은 저는 너무 속상하네요~ㅠㅠ",1
2,에어팟 2세대,품질,"유무선 중 고민하다 무선으로 구매했어요. 뭐 음질이 너무 좋다해서 기대 많이 했는데, 사용하고 있는 유선 이어폰하고 비교해도 월등하다고 할 정도는 아니네요. 가격따지면, 기대만큼 지불할 정도 아닙니다. 무선쓰다 유선 쓰니 불편해서 사긴 했는데요. 사실 분들, 에어팟 구매 신중히들 하세요. 여러 제품 써봤지만, 가격대비 훌륭한 제품 많습니다. 20만 원 가까이 주고 살 물건은 아닌 거 같아요. 품질점수:그냥 그래요가 없어서 적당해요 선택했습니다. 품질이 떨어지는 건 아니라서요.",5
3,에어팟 2세대,품질,"정품이 아닐까바 걱정을 많이 했는데 진품이네요!
배송도 다음날 출고되서 주문한지 이틀만에 왔어요~
에어팟 구매처중에 제일 빠른 편 같네요 :)
품질도 만족스러워요. 삶의 질이 향상되는
느낌입니다 ㅠㅠ 자세한 후기 보고 싶은 분들은
블로그 링크 첨부해놨으니 참고하세요!

>>https://m.blog.naver.com/dlwltn1344/221547833358",5
4,에어팟 2세대,품질,"케이스에 넣어서 아주 잘 사용중이에요
품질은 역시 최고",5
5,에어팟 2세대,품질,배송빠르고 정말좋네요..품질도 괜찮은듯..,5
6,에어팟 2세대,품질,완전 강추입니다. 이전에 삼성 제품 사용하였는데 아이폰 성능이나 품질이 좋긴 좋습니다. 강추 드립니다.,5
7,에어팟 2세대,품질,품질 정말 좋아용ㅎㅎ,5
8,에어팟 2세대,품질,"저렴하게 잘 샀어요. 품질좋고 통화음, 음악 감상에 좋아요!",5
9,에어팟 2세대,품질,배송빠르고 품질좋음 더구입해야겠음,5
10,에어팟 2세대,품질,"저렴한가격으로 잘 샀고 통화랑 오디오 품질 좋아요.
단지 정품등록시 구매일자 확인이 안되는 오류가 나오는게 흠이네요.",4
11,에어팟 2세대,품질,품질은좋아요. 배송은 부대로 보내주시라고 했는데 집으로 왔네요.,4
12,에어팟 2세대,품질,저렴하게 구입 잘 했습니다. 품질 배송 모두 만족합니다.,5
13,에어팟 2세대,품질,"총알번개배송
품질 굿",5
14,에어팟 2세대,품질,품질이 좋고 배송이 빠르고 좋아요,4
15,에어팟 2세대,품질,품질좋고 배송 빠릅니다,5
16,에어팟 2세대,품질,"딸이 맘에 들어합니다.
유선을 사용하니 연결부위 접촉 불량이 자주 발생해서 구입했어요.
잘 사용하고 있어요.",4
17,에어팟 2세대,품질,"배송도 빠르고 품질도 좋고 하자 없는 상품으로 왔어요~
만족합니다^^",5
18,에어팟 2세대,품질,품질 좋아요 간편해서 좋고.,5
19,에어팟 2세대,품질,배송 빠르고 품질 좋아요,5
20,에어팟 2세대,품질,품질이좋습니다,4
21,에어팟 2세대,품질,하루만에 우체국으로 쏴주네요.이리저리 할인 다해서 엄청 싸게 샀네요.다만 뚜껑유격이 있네요ㅠㅠ애플 요즘 일 안하는듯..,4
22,에어팟 2세대,품질,상품 품질이 좋습니다. 마음에 들어요!딸아이 선물로 구입했어요 맘에들어합니다 고장없이 오랫동안 사용했으면 좋겠어요,5
23,에어팟 2세대,품질,"배송도빠르고품질도짱이네요
울아들이좋아해요",5
24,에어팟 2세대,품질,"빠른배송에 감격했어요~
품질은 애플정품..좋아요",5
25,에어팟 2세대,품질,상품 품질이 좋습니다. 마음에 들어요!,5
26,에어팟 2세대,품질,에어팟 1세대를 잃어버려서 급하게 주문했는데 상품 질은 말할것도 없고 무엇보다 배송이 엄청 빨라서 너무 감사합니다 ㅎㅎ,5
27,에어팟 2세대,품질,"제품 품질도 좋고, 배송도 빠릅니다. 그런데 애플에 정품 등록하려하니, 인식하지 못해서 헤매고 있어요",5
28,에어팟 2세대,품질,배송빠르고품질좋아요ㅠㅠ,4
29,에어팟 2세대,품질,배송도 빠르고 품질도 좋아요. 한정수량 오픈되서 구매했는데 빠르게 받아서 잘 사용하고 있어요,5
30,에어팟 2세대,품질,품질 배송 가격 다 만족해요!!!!,5
31,에어팟 2세대,품질,품질 간편 최상입니다,4
32,에어팟 2세대,품질,"정품 에어팟 품질,가격 좋아요~!",5
33,에어팟 2세대,품질,"전날 8시 주문-다음 날 10시 배송... 내가 사러가도 이것보다 오래 걸릴 것 같은데ㅠ 배송 정말 빠릅니다!
애플 정품이라 당연히 품질도 좋고, 할인도 받고, 엘포인트도 사용할 수 있으니 최고의 조건이에요!",5
34,에어팟 2세대,품질,배송도 품질도 모두 만족스럽습니다 ~~,5
35,에어팟 2세대,품질,물건이 깨끗하고 품질이 좋아요~,5
36,에어팟 2세대,품질,배송도 정말 빠르고 품질도 좋아요,5
37,에어팟 2세대,품질,디자인 품질 배송 모두 좋습니다,5
38,에어팟 2세대,품질,배송은 빠르고 가격은 비싸고 품질은 만족 합니다.,3
39,에어팟 2세대,품질,품질은 예상했고 빠른배송 좋았습니다,5
40,에어팟 2세대,품질,"한정수량 오픈되서 구매했는데, 배송 빨랐고 가격도 저렴하게 잘 산 것 같아요. 품질도 만족스럽습니다^^",5
41,에어팟 2세대,품질,좋으네요 품질도 좋고 만족해요,5
1,에어팟 2세대,성능,"본인 막귀임. 이어폰 여태 사 본 중에 제일 비싼게 2만5천원임.
에어팟 처음 나왔을땐 디자인 맘에 안들어서 무시했었음. 그러다가 통화품질이 넘사벽이란 얘기를 들음. 솔깃함.
근데 곧 2세대가 나온다는 소리가 있어서 참음.
2세대 나오고 나서 보니 1세대 대비 큰 변화를 느끼지 못해서 고민함. 그러나 통화품질 관련해서 전문가 리뷰보고 사야겠다 결심함. 노래 품질은 그저그럼. 근데 통화할땐 전화기 들고 하는거 마냥 상대방 목소리가 선명하게 들림. 상대방도 이어폰으로 통화하는지 모를만큼 목소리가 선명하게 들린다함. 근데 밖에서 통화하면서 차지나가는 소리. 오토바이소리 등 별로 크지도 않은 소리였는데 통화하는 상대방한테는 찢어지는 듯한 소음으로 들린다고함. 오히려 단점이된거같음. 무선충전 생각보다 발열 좀 있음. 겨울에 손난로로 쓰면 될거같음. 페어링잘되는데 시리야 버그는 나도 피해갈 수 없었음. 폰 네트워크 재설정으로 해결. 근데 페어링 후에 아이폰 이름이 누구누구의 아이폰에서 그냥 아이폰으로 지맘대로 바뀜. 자잘한 버그들이 아직 좀 있는듯. 에어팟 자체는 괜찮음. 깔끔하고 작고 가볍고. 청음해볼 수 있었으면 안샀을거 같긴하지만.
애플기기들과의 연동은 칼같아서 좋음. 워치 연결해서 밖에 있다가 집에 돌아오니 통화중이었는데도 지맘대로 폰이랑 . 당황스러웠음.
결론은 사면 후회할 정도는 아님.
근데 빵빵한 사운드를 기대한다거나 세상마상 완벽한 이어폰을 원한다면 살 물건은 아님. ㅇㅇ",5
2,에어팟 2세대,성능,무선을 저렴하게 구입할 수 있어서 너무 행복해요정품등록에서 구매일이 제대로 안되서 그날 한달 전에 산걸로 되버렸지만.. 그래도 성능도 괜찮고 딱히 고장난 부분도 고쳐야할 부분도 뭣도 없고 깨끗하게 잘 와서 너무 좋아요! 오늘까지 세일인거같은데 꼭 사세요!!!,5
3,에어팟 2세대,성능,배송은 신속 했구요.ㅎ 패키지는 늘 아름답습니다. 가격의 압박에 저렴이 블루투스 이어폰을 구입 하고 단 하루만에 이 녀석으로 다시 주문 했어요. 아이폰 맥북 유저인데 페어링 정말 심플하고 음질도 블투 중에선 상당히 만족스럽습니다. 끊김 현상도 거의 없구요(사람이 엄청 많은 환승 구간에서 한 번 정도의 끊김 있었음). 디자인 성능 모두 만족하며 가격만 좀 더 예뻤으면 하는 ㅎㅎㅎ,5
4,에어팟 2세대,성능,"오전에 주문했는데 당일발송 .
기존에 에어팟1세대 사용중이였는데 제껀 딸아이주고 새로 구입했어요 .페어링도 확실히 빠르고 음질도 더 좋아졌어요. 백화점 왕쿠폰에 청구할인 들어가니 유선가격보다 저렴하게 무선으로 구입했어요. 대만족 . 포장도 뽁뽁이랑 박스내 안전포장 맘에 들어요",5
5,에어팟 2세대,성능,"성능도 디자인도 다 맘에 듭니다
포장도 깔끔했고 배송도 약속한 날짜에 왔어요",5
6,에어팟 2세대,성능,완전 강추입니다. 이전에 삼성 제품 사용하였는데 아이폰 성능이나 품질이 좋긴 좋습니다. 강추 드립니다.,5
7,에어팟 2세대,성능,잘 받았습니다. 성능도 좋고 배송도 빨리... 안전하게 도착,5
8,에어팟 2세대,성능,"가격은 많이 비싸지만 그만큼 성능이 따라줘서 만족합니다.

충전도 무선이라 편하구요.",5
9,에어팟 2세대,성능,기존에 중국제품 쓰다가 바꿨습니다. 성능도 성능이지만 나만의 만족감이 너무 좋네요. ^ ^굳이 에어팟 프로 가지 않고 이걸 샀는데....제가 쓰기엔 충분하네요.,5
10,에어팟 2세대,성능,"1세대 보다 페어링이 빠르네요~ 저렴하게 구매 잘한듯 합니다,",5
11,에어팟 2세대,성능,성능도 너무 좋고 잘들려용,5
12,에어팟 2세대,성능,성능도 좋고 가격대비 좋아요,5
13,에어팟 2세대,성능,정말 편해요 성능도 굿,5
14,에어팟 2세대,성능,"성능 좋아요.
괜찮네요",5
15,에어팟 2세대,성능,"엄청 초고속으로 받았어요^^귀도 편하고 너무좋아요
성능기능최고",5
16,에어팟 2세대,성능,"제품 성능
배송한테 너무 만족합니다.",5
17,에어팟 2세대,성능,디자인 성능 모두 만족합니다,5
18,에어팟 2세대,성능,엄첨맘에듬!성능좋고최고임,5
19,에어팟 2세대,성능,"무선의 편리성때문에 구매하게 되었습니다.
저렴하게 잘 구매했어요
성능은 말할것도 없네요",5
20,에어팟 2세대,성능,진짜 말처럼 완벽하진않아요 가끔 끊김 현상도 있고 그래요 그래도 20만원 안쪽에서 사는것 중에는 제일좋은거 같네요,4
21,에어팟 2세대,성능,연결이 진짜 빠르네요~다른곳은 혹시 가짜일까 두려워 프리스비에서 구매했습니다~,5
22,에어팟 2세대,성능,"말해뭐하겠어요..ㅋㅋㅋ 음질, 끊김현상없음, 반응속도최고예요ㅋㅋㅋㅋ",5
23,에어팟 2세대,성능,"그냥 완벽 그자체입니다. 주말껴서 3일만에 도착했고 음질은 최고구요!
블루투스연결이 참 빠릅니다!! 포장도 뾱뾱이포장이 잘 되어있어서
제품 불량이나 파손의 염려도 안하셔도되구요. 걍 퍼펙트입니다!!!",5
24,에어팟 2세대,성능,"가격이 좀 비싸지만 성능,디자인 모두 좋네요",4
25,에어팟 2세대,성능,성능좋아요~ 정품등록도 했습니다,5
26,에어팟 2세대,성능,성능 좋습니다!!,5
27,에어팟 2세대,성능,가졌다고 배송 너무너무빠르고 성능도 최고 입니다.무선충전도 잘됩니다,5
28,에어팟 2세대,성능,빠른 배송에 놀랐습니다. 성능은 당연히 좋고요. 노트10+에 사용해 보았는데 성능 아무 이상없습니다.,5
29,에어팟 2세대,성능,"생각보다 배송도 빨리오거 ㅎㅎ
4.27에받았어요
왜 사람들이 에어팟하는줄 알겠어요
연결이 빨라서 편하네용 ㅎㅎ",5
30,에어팟 2세대,성능,가격은 비싸지만 디자인/성능은 마음에 드네요,5
31,에어팟 2세대,성능,"할인 많이 받아 잘 샀어요, 성능 좋네요~",5
32,에어팟 2세대,성능,배송도 빠르고 성능도 좋아요,5
1,에어팟 2세대,기능,"배송도 빠르고 정품인것 같네요^^
근데 정품등록이 안되서;; 안해도 별상관은 없다지만 그게 좀 아쉽네요^^
제품자체는 맘에듭니다. 페어링도 잘되구요. 근데 마감이 좀 안좋아서 귀안쪽으로 깊이 넣으면 긁혀서 아픕니다ㅠㅠ.
그래도 두손이 자유로워져서 너무 편하고 통화품질도 좋은것 같아서 만족합니다!",5
2,에어팟 2세대,기능,"정말 좋아요. 진짜 신세계네요.
블루투스 이어폰이랑 헤드셋이 4개나 있는데, 그 동안 느껴보지 못한 편함과 성능이네요.
다른 이어폰이랑 헤드셋은 활동하면서 자주 빠지기도 했는데, 더 잘 빠질거 같이 생겼는데 안 빠지네요. 그래서 헬스장 가서 사용하기도 더 편해요.
블루투스 연결할 때는 왜 이리 간편한지, 아마 한번 사용해 보고 운이 없어 잃어버리기라도 하면? 다른 아이템으로는 못 옮길 듯 합니다.
계속 사용하는 게 아니라 한 1주일에 한번씩 충전할라나... 가끔 사무실 무선 충전기 위에 올려 놓고 나중에 사용하면 다시 1주일은 사용하는 듯 하고요.
다만 에어팟 자체에 볼륨 조절은 안 되어(내가 못 찾았나요?) 그것만 좀 불편하네요.
귀에 쏙 들어가는 간편함. 타사 제품처럼 귀를 꽉 막는 게 아니어서 덜 답답하고. 혹시라도 자전거 탈 때는 주변 소리도 들을 수 있어서 덜 위험할 듯 하네요.
디자인도 초기에는 콩나물이니 뭐다 해서 혹평을 받았다지만, 이제 보면 왠만한 디자인보다는 나은 듯 하네요.
초기 모델이랑 성능 자체는 다를 게 없다지만, 신 모델이랑 쓸 듯 합니다!
한 줄 평 ! 최고에요!",5
3,에어팟 2세대,기능,"본인 막귀임. 이어폰 여태 사 본 중에 제일 비싼게 2만5천원임.
에어팟 처음 나왔을땐 디자인 맘에 안들어서 무시했었음. 그러다가 통화품질이 넘사벽이란 얘기를 들음. 솔깃함.
근데 곧 2세대가 나온다는 소리가 있어서 참음.
2세대 나오고 나서 보니 1세대 대비 큰 변화를 느끼지 못해서 고민함. 그러나 통화품질 관련해서 전문가 리뷰보고 사야겠다 결심함. 노래 품질은 그저그럼. 근데 통화할땐 전화기 들고 하는거 마냥 상대방 목소리가 선명하게 들림. 상대방도 이어폰으로 통화하는지 모를만큼 목소리가 선명하게 들린다함. 근데 밖에서 통화하면서 차지나가는 소리. 오토바이소리 등 별로 크지도 않은 소리였는데 통화하는 상대방한테는 찢어지는 듯한 소음으로 들린다고함. 오히려 단점이된거같음. 무선충전 생각보다 발열 좀 있음. 겨울에 손난로로 쓰면 될거같음. 페어링잘되는데 시리야 버그는 나도 피해갈 수 없었음. 폰 네트워크 재설정으로 해결. 근데 페어링 후에 아이폰 이름이 누구누구의 아이폰에서 그냥 아이폰으로 지맘대로 바뀜. 자잘한 버그들이 아직 좀 있는듯. 에어팟 자체는 괜찮음. 깔끔하고 작고 가볍고. 청음해볼 수 있었으면 안샀을거 같긴하지만.
애플기기들과의 연동은 칼같아서 좋음. 워치 연결해서 밖에 있다가 집에 돌아오니 통화중이었는데도 지맘대로 폰이랑 . 당황스러웠음.
결론은 사면 후회할 정도는 아님.
근데 빵빵한 사운드를 기대한다거나 세상마상 완벽한 이어폰을 원한다면 살 물건은 아님. ㅇㅇ",5
4,에어팟 2세대,기능,"배송 오자마자 사용해보고 남기는 후기 입니다!
7월 1일날 구매 했고 3일날 받았습니다. 배송이 빨라서 좋았구요.
택배 상자를 뜯으니 저 빨간 종이(주의사항) 가 보였습니다.
주의사항 읽어보고 에어팟 상자를 개봉해보니 에어팟 케이스에 베리베리 작지만 스크래치가!! 있었습니다;; (사진에는 안나와서 첨부 못 했습니다ㅠ)
이런 경우가 많아서 주의 사항 두번째 항목에 저런 글 적어 놓은 듯요..제 마음에도 스크래치가 났지만 맴을 가다듬고 폰이랑 페어링 해보니 음질도 핵빵빵쓰였어요XD
그리고 대망의 정품등록도 했는데 블로그에 정품등록 하는 방법 많이 나와있어서 그 글들 보고 따라하니 쉽게 등록 되었어요!
해외 직구와 국내사이트 중 고민 많이 했는데 솔찌키 해외직구는 혹시나 아주 혹시나 짝퉁쓰일까봐 그냥 여기서 구매 했는데 케이스에 난 작은 스크래치~~빼고 다 맘에 들어요!
진짜 이렇게 후기 길게 적어본 적 없는데 솔직히 싼 제품도 아니고 크다면 큰 돈 주고 구매하는데 다른 분들께 솔직한 후기 알려드리고 싶었어유! 도움이 되셨길 바랍니당",4
5,에어팟 2세대,기능,아이폰 번들 이어폰은 귀에 맞지앉아 못쓰는데 이건 정말 잘맞네요. 1세대 쓰는 사람들 파드백이 좋아서 고민하다 구매했는데 막 귀에 싼 유선만 써봤기때문에 음질은 잘 모릅니다. 아무튼 좋네요! 무선 충전기능이 생각보다 편리해서 사길 잘한것같습니다.,5
6,에어팟 2세대,기능,"배송 진짜 빠르게 왔고, 타 온라인 사이트에서는 정품이라고 왔는데 케이스 감겨진 흰 종이도 없이 재포장 제품 온거 같다고 의심된다는 글 봤는데 여기는 속 포장도 잘 되어 있고 공식 AS 센터 안내도 있고 역시 믿을 수 있는 사이트에서 사서 신뢰가 가네요. 70% 가량 충전되어 있어서 지금 완충 중입니다~ 원래부터 아이폰 이어폰만 써왔기 때문에 제 기준에서는 귀에 착 붙고 어색하지 않아요. 무게감도 없고. 페어링도 잘되요. 설명서 안보고 막 해보는 타입이라 ㅎㅎ 처음에는 그냥 블루투스만 켰는데 안떠서 어떻게 하는건가 요리조리 해보니 이어폰 들어가 있는 상태에서 케이스 뚜껑을 열면 폰에 Airpod이라고 뜨고 그걸 잡으면 되네요 ㅋㅋㅋ 폰알못이라... 원래는 금액 보다 무선이 큰 메리트가 없다고 해서 유선 사려고 했는데 여기서 쿠폰 만원도 주시고 S머니 4만원까지 하니 타 사이트 유선 값이라 그냥 여기서 무선 샀어요. 오래 고민하다 큰 맘먹고 저에게 선물합니다ㅎ 뭔가 출퇴근과 보행 시 선이 없어지면서 여러가지 편해질듯한 기대감까지 드네요~!!",5
7,에어팟 2세대,기능,귀에 꽂은채로 정지 기능들이 좋았네요,5
8,에어팟 2세대,기능,기능 다 잘되고 좋았어요- 내일 정품 인증 해보려고 합니다 :),5
9,에어팟 2세대,기능,기능 맘에 들어요,4
10,에어팟 2세대,기능,"예상했었지만 기능과 디자인, 색상 모두 만족합니다. 착용감도 좋고 AI 기능도 탁월합니다.",5
11,에어팟 2세대,기능,"주문한지 하루만에 배송되서, 기능과 디자인에 만족하며 잘 사용하고 있습니다. ^^",5
12,에어팟 2세대,기능,"엄청 초고속으로 받았어요^^귀도 편하고 너무좋아요
성능기능최고",5
13,에어팟 2세대,기능,"와우*^^*~ 매우 만족해요.
편리하고 기능 짱이네요~",5
14,에어팟 2세대,기능,"목욜에 온다 했는데 화욜에 왔어요!
갤럭시라서 제한되는 기능 있어서 슬프지만 제품 자체는 너무 좋아요!!!! 고민 많이 했는데 사길 잘한거 같아요~^^",5
15,에어팟 2세대,기능,무선충전 기능이 너무 좋네요,5
16,에어팟 2세대,기능,역시 너무좋아요 음질좋고 빠르고 기능많고!,5
17,에어팟 2세대,기능,품절풀렸다는 문자 받고 바로 주문했더니 다음날 배송해주셨어요~ 간편하고 페어링잘되서 넘 좋아요!,5
1,에어팟 2세대,배터리 수명,편하고 배터리 오래가서 좋네요,4
2,에어팟 2세대,배터리 수명,"잘되네요
통화도 괜찮고 터치도 잘되고
너무 편해요
배터리도 생각보다 오래가고
고장만 안나면 좋을것같음.ㅎㅎ",5
3,에어팟 2세대,배터리 수명,"끊김없습니다.
무선충전 좋습니다.
배터리 오래갑니다
디자인 똑같습니다.
음질 똑같습니다.",5
1,에어팟 2세대,사용성,"정말 좋아요. 진짜 신세계네요.
블루투스 이어폰이랑 헤드셋이 4개나 있는데, 그 동안 느껴보지 못한 편함과 성능이네요.
다른 이어폰이랑 헤드셋은 활동하면서 자주 빠지기도 했는데, 더 잘 빠질거 같이 생겼는데 안 빠지네요. 그래서 헬스장 가서 사용하기도 더 편해요.
블루투스 연결할 때는 왜 이리 간편한지, 아마 한번 사용해 보고 운이 없어 잃어버리기라도 하면? 다른 아이템으로는 못 옮길 듯 합니다.
계속 사용하는 게 아니라 한 1주일에 한번씩 충전할라나... 가끔 사무실 무선 충전기 위에 올려 놓고 나중에 사용하면 다시 1주일은 사용하는 듯 하고요.
다만 에어팟 자체에 볼륨 조절은 안 되어(내가 못 찾았나요?) 그것만 좀 불편하네요.
귀에 쏙 들어가는 간편함. 타사 제품처럼 귀를 꽉 막는 게 아니어서 덜 답답하고. 혹시라도 자전거 탈 때는 주변 소리도 들을 수 있어서 덜 위험할 듯 하네요.
디자인도 초기에는 콩나물이니 뭐다 해서 혹평을 받았다지만, 이제 보면 왠만한 디자인보다는 나은 듯 하네요.
초기 모델이랑 성능 자체는 다를 게 없다지만, 신 모델이랑 쓸 듯 합니다!
한 줄 평 ! 최고에요!",5
2,에어팟 2세대,사용성,"한달 이상 잘쓰고 있습니다.
일단 아이폰과 함께 쓰면 자동인식되어서 너무 편하고 가볍고 사용하기 편해요.
다만.. 요즘에 추우니까 코트에 핸드폰 넣어서 다니는데 너무 멀어서? 그런지 인식을 잘 못하는 경우가 있어요. 그래서손으로 들고 다니거나 가방에 넣거나..그랬던 적이 있었고 한번은 뛰다가 한쪽만 떨어져서 식겁했던적이 있네요. 외에는 좋아요",5
3,에어팟 2세대,사용성,스마트픽업으로 주문했어요. 하이마트에서 받았는데 처음해보시는지 좀 서투셨어요. 포장은 그냥 하이마트 쇼핑백에 본품 넣어서 주셨어요. 여러가지 할인 및 포인트 받아서 저렴하게 구매한편입니다. 솔직히 사람들이 좋다해서 구매했는데 사용하고 신세계를 경험했어요! 왜 이제샀나 싶어요. 정말 편리해요. 음질도 좋고 사용도 편리합니다!,4
4,에어팟 2세대,사용성,할인 받아서 잘 구매했어요~사용하기 편하고 좋네요 ㅎㅎ,5
5,에어팟 2세대,사용성,무선이어폰 정말 편해요!!!,5
6,에어팟 2세대,사용성,역시 애플답게 너무너무 예뿌고 사용하기 편해요,5
7,에어팟 2세대,사용성,남편 결혼기념일 선물로 사줫는데 엄청 유용하게 잘써요~귀에만 꼽으면 자동으로 연결되니 너무 편하데요 무선이니 선걸릴일도 없어서 확실히 편하긴 하네용ㅋㅋ,4
8,에어팟 2세대,사용성,이쁘구 ㅠㅠ 사용 편리하구 ㅠㅠ 회사 셔틀 탈때 사원증 맬 때마다 이어폰 뺐다꼈다하기 귀찮았는데 그저 너무 좋습니당!!!,5
9,에어팟 2세대,사용성,"구하기 힘든 물건 판매해 주시고
저렴한 판매와 빠른 배송 감사 드립니다.
1세대에 비해서 대기시간 이라든지 사용하는데
많이 편리해져서 아주 만족 합니다",5
1,에어팟 2세대,조작성,"구입일이 아니라 제조일로부터 일정기간 경과된 제품이라 정품등록에 시간이 많이 소요되었네요. 애플사이트에 들어갔더니 정품등록안된다고 나오길래 문의남겼더니 애플에 전화해서 직접 해결하라는 답뿐이어서, 애플에 전화해서 결제영수증 보냈더니 이걸로는 안된다고 거래명세서가 필요하다고...... 그래서 거래명세서 받을라고 판매자에게 전화했더니 전화연결이 쉽지 않았습니다.... 우여곡절끝에 전화 연결되서 거래명세서 받아 애플에 전달하고 지금 등록여부를 기다리는 중입니다.",3
2,에어팟 2세대,조작성,"칼배송!
에어팟 처음 쓰는데 사용법도 간단합니다!
정품 등록하는데 시리얼넘버는 확인이 되지만
구입일자가 입력이 안되서 등록 못했어요;",5
3,에어팟 2세대,조작성,품질 좋아요 간편해서 좋고.,5
4,에어팟 2세대,조작성,"우선 이전에 에어팟을 써본적은 없고 갤럭시 기어 아이콘 2018년 형을 썼는데 에어팟이 더 착용감이 좋네요
기어 아이콘 쓸때는 귀가 아파서 장시간 사용이 어려웠는데 에어팟은 통증이 없어서 끼고 자도 아프지가 않네요",5
1,에어팟 2세대,디자인,"에어팟2 구매하고 며칠 사용해보니 진작에 살 걸 그랬다는 생각이 많이 듭니다.
다른 걸 다 떠나서 선이 없는 자유로움이 주는 편리함이 정말 최고네요.
물론 외형도 작고 심플하고 예쁘기도 하고요.
케이스는 없이 사용하다가 오늘 민트컬러 실리콘케이스 끼워봤어요 :)
설명대로 충전케이스 한번 충전하면 유닛 사용하고 배터리 떨어져도 다시 끼우면 바로 충전되니까 꽤 오래 사용할 수 있어서 편해요.
물론 아이폰 충전하랴 에어팟케이스 충전하랴 더 할 일이 늘어나서 번거로운 느낌은 있는데 에어팟은 매일 충전할 필요는 없으니까요.
음질은 기존 이어폰이랑 별다를 거 없이 평범한 느낌이지만 에어팟은 편의성에 더 중점을 둔 제품이니까요.
이중 탭으로 유닛제어가 가능하니 아이폰 꺼낼 필요도 없고 전화 받는 거도 통화도 잘돼요 두 손이 정말 자유로워졌어요.
사용하다보니 노캔 기능이 있으면 좋았겠다 싶은데 그럴 거면 프로를 구매했어야 하지 싶네요.
구매한 지 얼마 안 되었으니 열심히 사용해줘야지요. 아껴가면서.
노캔빼고는 완벽하니까 망설이는 분들 강추합니다 :)",5
2,에어팟 2세대,디자인,"줄 이어폰 쓰다가 신세계 봤네여.
할인할때 구매해서 저렴하게 잘 샀습니다! 무선 충전도 엄청 편하구요. 3도 있는데 저는 예전 디자인이 좋아서 2도 만족하고 쓰고있어요. 근데 배터리는 빨리 닳네요. 충전은 놀랄정도류 빠르긴 합니다. 그래도 줄 이어폰보다 훨씬 편해서 만족도 95프로 상승핬음...0",5
3,에어팟 2세대,디자인,배송 진짜 빨라요. 문의에 대한 답도 빠르고 정품 등록 고객센터에 할 때 필요한 서류도 잘 보내주시네요. 어디서 살지 많이 망설였는데 잘 산 것 같아요. 제것도 구입한다면 재구매 할 것 같네요! 디자인 정말 앙증맞고 귀여워요. 성능이야 말할 것도 없그요.,5
4,에어팟 2세대,디자인,"본인 막귀임. 이어폰 여태 사 본 중에 제일 비싼게 2만5천원임.
에어팟 처음 나왔을땐 디자인 맘에 안들어서 무시했었음. 그러다가 통화품질이 넘사벽이란 얘기를 들음. 솔깃함.
근데 곧 2세대가 나온다는 소리가 있어서 참음.
2세대 나오고 나서 보니 1세대 대비 큰 변화를 느끼지 못해서 고민함. 그러나 통화품질 관련해서 전문가 리뷰보고 사야겠다 결심함. 노래 품질은 그저그럼. 근데 통화할땐 전화기 들고 하는거 마냥 상대방 목소리가 선명하게 들림. 상대방도 이어폰으로 통화하는지 모를만큼 목소리가 선명하게 들린다함. 근데 밖에서 통화하면서 차지나가는 소리. 오토바이소리 등 별로 크지도 않은 소리였는데 통화하는 상대방한테는 찢어지는 듯한 소음으로 들린다고함. 오히려 단점이된거같음. 무선충전 생각보다 발열 좀 있음. 겨울에 손난로로 쓰면 될거같음. 페어링잘되는데 시리야 버그는 나도 피해갈 수 없었음. 폰 네트워크 재설정으로 해결. 근데 페어링 후에 아이폰 이름이 누구누구의 아이폰에서 그냥 아이폰으로 지맘대로 바뀜. 자잘한 버그들이 아직 좀 있는듯. 에어팟 자체는 괜찮음. 깔끔하고 작고 가볍고. 청음해볼 수 있었으면 안샀을거 같긴하지만.
애플기기들과의 연동은 칼같아서 좋음. 워치 연결해서 밖에 있다가 집에 돌아오니 통화중이었는데도 지맘대로 폰이랑 . 당황스러웠음.
결론은 사면 후회할 정도는 아님.
근데 빵빵한 사운드를 기대한다거나 세상마상 완벽한 이어폰을 원한다면 살 물건은 아님. ㅇㅇ",5
5,에어팟 2세대,디자인,처음에는 저게 뭔가 싶었는데 유선 이어폰을 오랫동안 써와보니 불편한게 생기게 되더라고요 그러다가 필요한거 같아서 계속 찾아보고 무선 충전이 가능한 에어팟을 찾다보니 저렴한 가격에 발견해서 바로 고민 없이 구매버튼 눌러서 배송이 되기를 기다렸어요! 실물영접하니 너무 이뻐여!! 앞으로 더 잘 사용할꺼같아요!!,5
6,에어팟 2세대,디자인,좋네요. ^^ 2개는 선물하고 2개는 아들과 저 사용하는데 버즈보다는 귀에서 뭔가 불안불안합니다. 아들은 괜찮은 모양인데 저는 너무 헐겁고 음질이 막귀라서 그런지 버즈가 더 좋네요. 편의성도 그렇고 다만 디자인은 정말 앙증맞네요. ㅎㅎ 생각보다 엄청 작아요.,5
7,에어팟 2세대,디자인,배송은 신속 했구요.ㅎ 패키지는 늘 아름답습니다. 가격의 압박에 저렴이 블루투스 이어폰을 구입 하고 단 하루만에 이 녀석으로 다시 주문 했어요. 아이폰 맥북 유저인데 페어링 정말 심플하고 음질도 블투 중에선 상당히 만족스럽습니다. 끊김 현상도 거의 없구요(사람이 엄청 많은 환승 구간에서 한 번 정도의 끊김 있었음). 디자인 성능 모두 만족하며 가격만 좀 더 예뻤으면 하는 ㅎㅎㅎ,5
8,에어팟 2세대,디자인,"좀 늦게 직구신청을 해서 빠르면 5월초라고 해서
포기하고 있었는데 하이마트 제품이 엄청 빨리 왔네요 ㅋㅋ
그동안 기다렸던게 뭐가 되는지

일단 제품은 잘 만들었습니다. 인기 있는 이유가 있겠죠.
디자인은 좀 이기기 힘들지만 그래도 .
한동안 정붙이고 써야겠네요. 잘샀습니다.",5
9,에어팟 2세대,디자인,"잘 도착했습니다.
디자인도 깔끔하고 2세대라 LED 표시도 되고 좋아요.
철가루 방지 테이프와 케이스는 사야할 것 같아요.
한쪽만 끼고 싶은데 그게 안되서 아쉽네요.
밤 늦게는 끼고 다니면 안될 것 같아요.
오래 끼고 있어도 귀가 덜 아프네요.
동생이 1세대 갖고 있는데 외관상 큰 차이는 없고 블루투스 연결도 잘 되고 좋네요.",5
10,에어팟 2세대,디자인,몇일 사용해봤는데 잘되네요.연결도 바로되고 디자인도 이쁘네요^^,4
11,에어팟 2세대,디자인,"성능도 디자인도 다 맘에 듭니다
포장도 깔끔했고 배송도 약속한 날짜에 왔어요",5
12,에어팟 2세대,디자인,에어팟2 믿고 구매햇어요 디자인도좋고 소리 깔끔하게 잘들려요 만족합니다,5
13,에어팟 2세대,디자인,귀엽고 예뻐요 자석으로 뚜껑이 열리고 앙증맞어요 ㅎㅎ,5
14,에어팟 2세대,디자인,포장도 깔끔하니 좋습니다 ????,5
15,에어팟 2세대,디자인,"일단 모양 예쁘고 두꺼운 벽을 사이에 두고도 끊기지 않는 신호연결 좋습니다. 음질은 나쁘진 않지만 아주 좋다고 하기엔 뭔가 조금 2% 부족한듯한 느낌을 주는군요.
잘 받았고 잘 쓰겠습니다. 좀 더 써봐야 알듯 하네요.",3
16,에어팟 2세대,디자인,모양도 기능도 예쁘고 조으네요,4
17,에어팟 2세대,디자인,할인쿠폰에. 카드할인청구 10%에 유선충전금액이랑비슷한 가격으로 구매한거 같아요. 100% 국내정품이고 디자인도 예쁘고 유선충전도 되고. 일석이조예요. 예쁘게 잘 쓸께요^^,5
18,에어팟 2세대,디자인,음향도 깨끗하고 디자인도 이뻐요,5
19,에어팟 2세대,디자인,"배송진짜빠르고
상품도이상없고
에어팟자체포장이잘되어있어서판매시겉포장을대강해도크게문제없어보여요
정품등록도쉽게했구요
사이즈는진짜앙증맞고귀엽네요",5
20,에어팟 2세대,디자인,편하고 이쁘고 좋아요,5
21,에어팟 2세대,디자인,아주 이쁘고 좋네요,5
22,에어팟 2세대,디자인,"디자인, 사용성, 음질 등등 모든면에서 좋습니다. 조카선물로 구입했는데 매우 만족하고 있네요 ㅎㅎ",5
23,에어팟 2세대,디자인,"예쁘고 좋습니다
소리도 잘들리고 가볍고 그리고 우선은 음질이 좋은것이 느껴진다는것 입니다
무선충전을 샀는데 유선충전을 사도 될걸 하는 후회도
들고 있습니다[G마켓 안드로이드 앱에서 작성]",4
24,에어팟 2세대,디자인,배송도 빠르고 디자인도 깔끔해서 좋아요!!,4
25,에어팟 2세대,디자인,마음에 들어요. 음질이나 디테일이 좋네요.,5
26,에어팟 2세대,디자인,배송도 빠르고 제품도 깔끔하니 좋아요,5
27,에어팟 2세대,디자인,"조카 수능선물 사줬더니 너무 행복해하네요
모양도 예쁘고 정품등록도 잘 되고
좋은 제품 감사합니다 ^^",5
28,에어팟 2세대,디자인,좋아요 디자인도 예쁘고 잘 쓸께요좋아요 디자인도 예쁘고 잘 쓸께요,5
29,에어팟 2세대,디자인,최고입니다. 디자인도 좋고. 좋아요,5
30,에어팟 2세대,디자인,너무 이쁘고 맘에듭니다,5
31,에어팟 2세대,디자인,"예상했었지만 기능과 디자인, 색상 모두 만족합니다. 착용감도 좋고 AI 기능도 탁월합니다.",5
32,에어팟 2세대,디자인,선물했는데 상품 깔끔하고 맘에 들어해요,5
33,에어팟 2세대,디자인,"디자인 좋고 음질 최고고
배송도 최상",5
34,에어팟 2세대,디자인,디자인좋고 싸게 잘 사서 좋아요,5
35,에어팟 2세대,디자인,디자인 성능 모두 만족합니다,5
36,에어팟 2세대,디자인,하루만에 왔음 디자인 깔끔함,5
37,에어팟 2세대,디자인,"디자인, 사용성, 음질 등등 모든면에서 좋습니다. 조카선물로 구입했는데 매우 만족하고 있네요 ㅎㅎ",5
38,에어팟 2세대,디자인,배송도빠르고 제품 너무이쁘네요,5
39,에어팟 2세대,디자인,음질짱 디자인짱 짱짱짱 맘에들어요,5
40,에어팟 2세대,디자인,"디자인, 성능 모두 괜찮아요,,, 추천합니다. 좋아요~",5
41,에어팟 2세대,디자인,"살까 말까 고민 엄청햇눈데 그런 고민 하나도 필요없어요 ㅠㅠㅠㅠㅜㅠㅠ음질최고 디자인 최고 ????????너무만족,,ㅠㅠ",5
42,에어팟 2세대,디자인,디자인 깔끔하고 좋네요 아이패드 주변에서 에어팟충전케이스 여니까 바로 연동하네요 굳,5
43,에어팟 2세대,디자인,디자인도 깔끔하니 세련되고 휴대성도 좋아요~,5
44,에어팟 2세대,디자인,"할인받아 구입해서 너무 기분 좋습니다.
음질좋고 디자인 찰떡같이 이뽀요",5
45,에어팟 2세대,디자인,좋은 가격에 구매했습니다 역시 디자인 좋고 깜찍한게 완전 맘에 듭니다,5
46,에어팟 2세대,디자인,깔끔하고 좋네요 문화 매입이라 생각하고 가성비는 글쎄요ㅎㅎㅎㅎ,5
47,에어팟 2세대,디자인,디자인도 맘에들고 정품맞아요,5
48,에어팟 2세대,디자인,상품 디자인 만족합니다. 추천합니다!,5
49,에어팟 2세대,디자인,"배송도빠르고 진짜 싸게잘샀네요
뽑기도 좋아서 갤럭시쓰는데도 좋아요
에어팟도 깔끔하니 너무 예쁩니다",5
50,에어팟 2세대,디자인,"디자인도 이쁘고
아들 생일 선물인데 많이 좋아합니다.
디자인도 이쁘고 라이언도 이뻐요.
부담스런 가격이지만 강사히 잘 썼음 좋겠네요.",5
51,에어팟 2세대,디자인,너무예쁘고 좋아요 배송도 개빨느에ㅛㅕ,5
52,에어팟 2세대,디자인,디자인도 이쁘고 배송도 빠르고 좋아요,5
53,에어팟 2세대,디자인,배송도 초고속이고 제품도 예쁨니다..^^,4
54,에어팟 2세대,디자인,디자인 품질 배송 모두 좋습니다,5
55,에어팟 2세대,디자인,"5일은 걸릴줄 알았는데 주문하고 받아보는데까지 이틀걸렸어요 흐름을 잘 탔나봐요
역시 2세대 넘나 이쁘고 좋네요",5
56,에어팟 2세대,디자인,ㅎㅎ귀여워요 ㅠ 예뻐서 만족합니다,5
57,에어팟 2세대,디자인,처음으로 에어팟샀는데 이쁘고 좋네요,4
1,에어팟 2세대,착용감,"주문하고 나서 딱 이틀만에 받았습니다.
개인별로 귀 생김새에 따라서 안맞을 수도 있고, 귓구멍이 큰 편이어서 고민을 많이 했는데, 받아서 보니
그냥 끼면 제 귀에는 헐렁하고, 빠질 것 같은데, 생각보다는 빠지지 않는 편이고, 실리콘 이어팁을 사서 씌우니, 괜찮은 듯 합니다.
무엇보다도, 커널형처럼 귀 안쪽을 압박하지도 않고, 헤드폰처럼 누르는 것도 없다보니, 착용감이 정말 좋습니다.
오픈형이다보니, 차음성은 거의 없지만, 저한테는 편한 착용감이 다 커버하네요.
쓰고 있는 폰이 아이폰이다보니, 연결도 정말 초간단하게 이루어집니다.
귀에서 떼면 음악이 정지 되고, 다시 착용하면 다시 재생되는 것도 편리하네요
설정에서 두번 탭 동작을 지정할 수 있어서, 왼쪽 두번탭은 재생/정지, 오른쪽 두번탭은 다음곡으로 활용하고 있습니다.
볼륨 조절이 안되어서 불편하다고도 하는데, 저는 이런저런 컨트롤이 없는게 낫다고 봅니다.(터치로 되는 것들은 의도치 않은 터치로 의도치 않은 동작이 생기는 경험을 해서 안좋아합니다.)
솔직히 저도 처음 출시 했을 때 콩나물 디자인을 그리 좋아하지 않았는데, 착용감과 편의성이 다 덮는 듯 합니다.
음질은 “그럭저럭” 이라는 편이라고 보는게 좋을 듯 합니다.
에어팟의 최고 장점은 착용감과 편의성인 것 같습니다. 1시간 이상 들어도 귀가 안아파요

(사진의 케이스와 철가루 방지 스티커는 별도로 구매한 겁니다. SSG에서는 2세대용이 아닌 1세대용을 팔더라구요.)",5
2,에어팟 2세대,착용감,"휴대하기 편하고, 애플 기기 사이의 호환성이 좋은 무선 이어폰이 필요해서 에어팟을 구매했습니다. 평소 아이폰, 아이패드 미니, 아이패드 프로를 휴대하며 상황에 맞게 사용합니다. 하지만 기기를 옮겨 무선 헤드폰을 연결할 때, 기기를 끄고 페어링 모드로 변경해서 다시 연결하는 절차가 너무 불편하더군요. 그래서 기기 사이의 페어링이 간단한 제품이 필요했습니다.
에어팟은 다른 애플 기기에 연결되어있는 상태에서도 연결하려는 기기의 블루투스 설정에 들어가 에어팟을 누르기만 하면 쉽게 페어링이 된다는 점이 제 필요에 부합했습니다. 페어링도 좋고 새끼손가락 두세 개 정도 되는 너비는 휴대하기 편해 좋았습니다. 게다가 오픈형 이어폰이라서, 커널형 이어폰만 끼면 불편하고 항상 헤드폰을 사용하는 저에게도 거부감이 없었고, 실제로 장착해보니 그렇게 불편하지 않았습니다. 애플 뮤직으로 애시드 재즈나 교향곡 같은 걸 들어봤는데, 음질도 흠을 잡기 어려웠습니다.
애플 제품을 여러 기기를 가지고 계시고, 휴대하기 편한 무선 이어폰을 찾고 계신 분에게는 최고의 제품인 것 같습니다.
좋은 제품이긴 하지만, 문제가 없는 건 아닙니다. 먼저 뽑을 수 있는 문제점은 마감입니다. 이어폰의 연결부에 접착제가 흘러나온 흔적이 있습니다. 상품 소개 페이지에 나와 있는 제품 이미지는 말끔한데 실제 제품에서는 그러한 흔적 때문에 교환을 받아야 하나 하는 생각이 들어요. 그리고 제품의 시리얼 번호로 보증 사항을 조회했을 때 구매 내역을 확인할 수 없다고 떠서, 하이마트에서 구입한 제품인데 왜 이러지 가품인가? 하는 생각도 들었습니다.",4
3,에어팟 2세대,착용감,"구매 후기가 없어서 걱정을하며 구매 했다가 취소를 두번정도 했는데요, 이곳만큼 저렴한곳이 없어서 구매했습니다.
구매후 평일기준으로 배송 완료까지 2일걸리네요.

에어팟2 신세계네요.
기존 버즈사용하는 갤노트9 사용자인데요.
버즈는 오픈형으로 바꾼건데요. 귀에 잘 맞고 좋습니다.",5
4,에어팟 2세대,착용감,"에어팟2 저렴하게 구매할수 있었어요.
애플 이어폰은 처음 구매해보는데
착용감이 좋고 통화할때 좋네요.",5
5,에어팟 2세대,착용감,"잘 받았습니다
착용감이 역시 기존 이어폰과 비슷해서 좋네요",5
6,에어팟 2세대,착용감,"저렴하게 구입 빠른 배송 마음에 듭니다 ㅎ
버즈보다 착용감이 좋네요",5
7,에어팟 2세대,착용감,"뱅앤울룹슨 E8을 사용했었습니다 E8과 비교하여 착용감이 월등히 우수하고 블루투스 연결 안정도, 사용 편의성 또한 났다고 생각됩니다.",5
8,에어팟 2세대,착용감,"예상했었지만 기능과 디자인, 색상 모두 만족합니다. 착용감도 좋고 AI 기능도 탁월합니다.",5
9,에어팟 2세대,착용감,착용감도 좋고 정품이라 더 좋아요,5
10,에어팟 2세대,착용감,아이폰을 쓰고있어서 기존에는 엘지꺼 블루투스 목에걸어섰는데 고장나서 에어팟2세대 나왔길래주문했어요 배송은 어제 올줄 알았는데 오늘 받았어요성능은 좋은데 귀가 작아서그런지 귀가 아파요,3
11,에어팟 2세대,착용감,배송 엄청 빨리왔네요 무선이라 엄청 편하네요 착용감도 좋구요,5
12,에어팟 2세대,착용감,착용감 음질 모든게 너무 다 좋아요,5
13,에어팟 2세대,착용감,카드사할인까지 받아서 싸게 샀어요 소리가 너무 좋고 귀도 편하고 착용감이 좋아 분실 우려도 없겠네요,5
14,에어팟 2세대,착용감,생각 보다 착용감이 좋습니다. 즐거운 사운드를 느꼈습니다,5
15,에어팟 2세대,착용감,"우선 이전에 에어팟을 써본적은 없고 갤럭시 기어 아이콘 2018년 형을 썼는데 에어팟이 더 착용감이 좋네요
기어 아이콘 쓸때는 귀가 아파서 장시간 사용이 어려웠는데 에어팟은 통증이 없어서 끼고 자도 아프지가 않네요",5
1,에어팟 2세대,휴대성,"휴대하기 편하고, 애플 기기 사이의 호환성이 좋은 무선 이어폰이 필요해서 에어팟을 구매했습니다. 평소 아이폰, 아이패드 미니, 아이패드 프로를 휴대하며 상황에 맞게 사용합니다. 하지만 기기를 옮겨 무선 헤드폰을 연결할 때, 기기를 끄고 페어링 모드로 변경해서 다시 연결하는 절차가 너무 불편하더군요. 그래서 기기 사이의 페어링이 간단한 제품이 필요했습니다.
에어팟은 다른 애플 기기에 연결되어있는 상태에서도 연결하려는 기기의 블루투스 설정에 들어가 에어팟을 누르기만 하면 쉽게 페어링이 된다는 점이 제 필요에 부합했습니다. 페어링도 좋고 새끼손가락 두세 개 정도 되는 너비는 휴대하기 편해 좋았습니다. 게다가 오픈형 이어폰이라서, 커널형 이어폰만 끼면 불편하고 항상 헤드폰을 사용하는 저에게도 거부감이 없었고, 실제로 장착해보니 그렇게 불편하지 않았습니다. 애플 뮤직으로 애시드 재즈나 교향곡 같은 걸 들어봤는데, 음질도 흠을 잡기 어려웠습니다.
애플 제품을 여러 기기를 가지고 계시고, 휴대하기 편한 무선 이어폰을 찾고 계신 분에게는 최고의 제품인 것 같습니다.
좋은 제품이긴 하지만, 문제가 없는 건 아닙니다. 먼저 뽑을 수 있는 문제점은 마감입니다. 이어폰의 연결부에 접착제가 흘러나온 흔적이 있습니다. 상품 소개 페이지에 나와 있는 제품 이미지는 말끔한데 실제 제품에서는 그러한 흔적 때문에 교환을 받아야 하나 하는 생각이 들어요. 그리고 제품의 시리얼 번호로 보증 사항을 조회했을 때 구매 내역을 확인할 수 없다고 떠서, 하이마트에서 구입한 제품인데 왜 이러지 가품인가? 하는 생각도 들었습니다.",4
2,에어팟 2세대,휴대성,휴대하기도 좋고 음질도 좋은데 떨어져서 잊어 버릴까 불안 하네요~,4
3,에어팟 2세대,휴대성,디자인도 깔끔하니 세련되고 휴대성도 좋아요~,5
